Purchase Date,Store #,Order #,Receipt #,PO / Job Name,Item Purchased,Order Total,Payment Method,Data Extraction Date,File Path
"1/30/2024, 2:25 PM",0563,H0563-451731,0563 00097 41224,3701,"01 ESSENTIALS by Schlage Jeffir Aged Bronze Passage  Hall/Closet Door KnobN/A 1004300493 $13.47 / each 1$12.80
02 DAP 16 oz. White Painter's Putty '53' N/A 743632 $9.48 / each 1$9.48
03 BEHR PREMIUM PLUS 1 gal. Medium Base Semi-Gloss  Enamel Low Odor Interior Paint and Primer in OneN/A 928480 $37.98 / gallon 1$30.38
04 DAP Alex Fast Dry 10.1 oz. White Acrylic Latex Plus  Silicone Caulk (12-Pack)N/A 810820 $49.98 / case 1$49.98",$111.11,Master Card 0305 Charged $111.11,2024-05-23 21:08:26,O:\_Boiler\Experiments\Extract Texts from PDFs\PDFs\$111.11_H0563-451731 Receipt.txt
"1/29/2024, 2:36 PM",0563,H0563-451511,0563 00097 38915,3701,01 Woodgrain Millwork WG A214 - 5/8 in. x 2-1/4 in. x 84 in.  Primed Finger-Jointed Casing Molding Door PackN/A 720219 $29.98 / each 4$119.92,$129.81,Master Card 0305 Charged $129.81,2024-05-23 21:08:26,O:\_Boiler\Experiments\Extract Texts from PDFs\PDFs\$129.81_H0563-451511 Receipt.txt
"2/01/2024, 10:30 AM",0563,H0563-452115,0563 00097 45548,3701,"01 Handprint 1/8 in. x 2 ft. x 4 ft. Tempered Hardboard  (Actual: 0.115 in. x 23.75 in. x 47.75 in.) Project PanelN/A 619375 $6.49 / each 1$6.49
02 Glasliner 4 ft. x 8 ft. White .090 FRP Wall Board N/A 121586 $39.98 / each 1$39.98
03 USG 3.5 gal. Soquete Ready-Mixed Joint Compound N/A 611778 $9.88 / each 2$19.36
04 USG USG Sheetrock Easy Sand Patching Compound -  18 LB Bag (Set Time: 5 min) 384150N/A 506080 $10.88 / bag 1$10.66",$82.80,Master Card 0305 Charged $82.80,2024-05-23 21:08:26,O:\_Boiler\Experiments\Extract Texts from PDFs\PDFs\$82.80_H0563-452115 Receipt.txt
"2/20/2024, 11:45 AM",0554,H0554-372233,0554 00097 62022,3701-108,01 Home Decorators Collection 24 in. W x 30 in. H  Rectangular Aluminum Framed Wall Bathroom Vanity  Mirror in BlackN/A 1008474012 $89.97 / each 1$89.97,$97.39,Master Card 0305 Charged $97.39,2024-05-23 21:08:26,O:\_Boiler\Experiments\Extract Texts from PDFs\PDFs\H0554-372233 Receipt.txt
"1/17/2024, 11:11 AM",0563,H0563-449496,0563 00097 17976,3701,"01 AMERIGAS Propane Tank Exchange N/A 600372 $21.98 / each 1$21.98
02 Teks 8x 1-1/4 in. Phillips Truss Head Drill Point Lath  Screws (140-Pack)    PREFERRED PRICING $0.66 OFF EACHN/A 189242 $13.27 / each $12.61 / each1$12.61
03 DIABLO Steel Demon 4-1/2 in. x 0.045 in. x 7/8 in. Metal  DC Cut Off Type 27    PREFERRED PRICING $0.25 OFF EACHN/A 1004690784 $4.97 / each $4.72 / each2$9.44",$45.85,Master Card 0305 Charged $45.85,2024-05-23 21:08:26,O:\_Boiler\Experiments\Extract Texts from PDFs\PDFs\H0563-449496 Receipt.txt
"1/19/2024, 11:21 AM",0563,H0563-449935,0563 00097 22869,3701,"01 Trimaco 1 ft. x 180 ft. Brown All-Purpose Masking Paper N/A 194724 $3.38 / each 2$6.76
02 3M 0.94 in. x 60.1 Yds. Multi-Surface Contractor Grade  Tan Masking Tape (1 Roll)    PREFERRED PRICING $0.08 OFF EACHN/A 690187 $2.48 / each $2.40 / each3$7.20
03 3M 1.41 in. x 60.1 Yds. Multi-Surface Contractor Grade  Tan Masking Tape (1 Roll)    PREFERRED PRICING $0.10 OFF EACHN/A 151469 $3.48 / each $3.38 / each1$3.38
04 3M N95 Disposable Paint Prep Sanding Disposable  Respirator Mask (2-Pack)N/A 401520 $7.48 / each 1$7.48
05 BEHR PRO 5 gal. Deep Semi-Gloss Interior Paint    DISCOUNT $24.40 OFF EACHN/A 1001330797 $122.00 / each $97.60 / each1$97.60",$132.52,Master Card 0305 Charged $132.52,2024-05-23 21:08:26,O:\_Boiler\Experiments\Extract Texts from PDFs\PDFs\H0563-449935 Receipt.txt
"1/22/2024, 11:59 AM",0563,H0563-450244,0563 00097 26225,3701,"01 AMERIGAS Propane Tank Exchange N/A 600372 $21.98 / each 1$21.98
02 BEHR DYNASTY 8 oz. Ultra Pure White Matte Interior /Exterior Stain-Blocking Paint & Primer SampleN/A 1006136643 $6.98 / each 1$6.98
03 BEHR PREMIUM PLUS 1 gal. Medium Base Semi-Gloss  Enamel Low Odor Interior Paint and Primer in One    DISCOUNT $7.60 OFF EACHN/A 928480 $37.98 / gallon $30.38 / gallon2$60.76",$95.31,Master Card 0305 Charged $95.31,2024-05-23 21:08:26,O:\_Boiler\Experiments\Extract Texts from PDFs\PDFs\H0563-450244 Receipt.txt
"1/23/2024, 2:07 PM",0563,H0563-450505,0563 00097 28866,3701,"01 Oatey Heavy Duty 1-1/2 in to 1-1/4 in. Plastic Adjustable  Diameter P-Trap with Reducing Washer    PREFERRED PRICING $0.63 OFF EACHN/A 1006128641 $12.57 / each $11.94 / each1$11.94
02 BrassCraft 3/8 in. Compression x 1/2 in. FIP x 20 in.  Braided Polymer Faucet Supply Line    PREFERRED PRICING $0.15 OFF EACHN/A 405183 $7.28 / each $7.13 / each2$14.26
03 BrassCraft 3/8 in. Compression x 7/8 in. Ballcock Nut x 16  in. Braided Polymer Toilet Supply Line    PREFERRED PRICING $0.14 OFF EACHN/A 1000011539 $6.97 / each $6.83 / each1$6.83
04 BrassCraft 1/2 in. Nominal Compression Inlet x 3/8 in. O. D. Compression Outlet Multi-Turn Chrome Plated Angle  Valve    PREFERRED PRICING $0.20 OFF EACHN/A 235674 $9.94 / each $9.74 / each2$19.48",$56.84,Master Card 0305 Charged $56.84,2024-05-23 21:08:26,O:\_Boiler\Experiments\Extract Texts from PDFs\PDFs\H0563-450505 Receipt.txt
"1/25/2024, 1:10 PM",0563,H0563-450889,0563 00097 32728,3701,01 Custom Building Products Polyblend Plus #60 Charcoal  25 lb. Sanded GroutN/A 1005399930 $18.98 / each 1$18.41,$19.93,Master Card 0305 Charged $19.93,2024-05-23 21:08:26,O:\_Boiler\Experiments\Extract Texts from PDFs\PDFs\H0563-450889 Receipt.txt
"1/30/2024, 2:25 PM",0563,H0563-451731,0563 00097 41224,3701,"01 ESSENTIALS by Schlage Jeffir Aged Bronze Passage  Hall/Closet Door KnobN/A 1004300493 $13.47 / each 1$12.80
02 DAP 16 oz. White Painter's Putty '53' N/A 743632 $9.48 / each 1$9.48
03 BEHR PREMIUM PLUS 1 gal. Medium Base Semi-Gloss  Enamel Low Odor Interior Paint and Primer in OneN/A 928480 $37.98 / gallon 1$30.38
04 DAP Alex Fast Dry 10.1 oz. White Acrylic Latex Plus  Silicone Caulk (12-Pack)N/A 810820 $49.98 / case 1$49.98",$111.11,Master Card 0305 Charged $111.11,2024-05-23 21:08:26,O:\_Boiler\Experiments\Extract Texts from PDFs\PDFs\H0563-451731 Receipt.txt
"1/31/2024, 1:28 PM",0563,H0563-451934,0563 00097 43691,3701,"01 ClarkDietrich 1-1/4 in. x 8 ft. Quicksilver Metal Corner  BeadN/A 423629 $4.35 / each 7$29.54
02 USG 18 lb. Easy Sand 20 Setting-Type Joint Compound N/A 462910 $10.88 / each 1$10.66
03 GE Advanced Silicone 2 10.1 oz. Clear Exterior/Interior  Window and Door SealantN/A 362646 $10.98 / each 3$31.95
04 Handprint 3/16 in. x 2 ft. x 4 ft. Underlayment Project  PanelN/A 445789 $12.99 / each 1$12.99",$92.16,Master Card 0305 Charged $92.16,2024-05-23 21:08:26,O:\_Boiler\Experiments\Extract Texts from PDFs\PDFs\H0563-451934 Receipt.txt
"2/05/2024, 1:33 PM",0563,H0563-452792,0563 00097 52809,3701,"01 BEHR 1 qt. #TIS-358 Mission Oak Satin Semi- Transparent Water-Based Interior Stain and Poly in OneN/A 1004823593 $19.98 / each 1$19.38
02 Varathane 1 qt. Clear Satin Water-Based Interior  PolyurethaneN/A 420301 $24.48 / each 1$23.75
03 Leviton 1-Gang Blank Wall Plate, White N/A 224175 $0.67 / each 1$0.67",$47.41,Master Card 0305 Charged $47.41,2024-05-23 21:08:26,O:\_Boiler\Experiments\Extract Texts from PDFs\PDFs\H0563-452792 Receipt.txt
"2/06/2024, 8:40 AM",0563,H0563-452892,0563 00097 53757,3701,"01 SharkBite 1/2 in. PEX Barb Brass Tee Fitting (10-Pack) N/A 1001405300 $31.24 / each 1$31.24
02 SharkBite 1/2 in. PEX Barb Brass 90-Degree Elbow  Fitting (10-Pack)N/A 1001404806 $20.62 / each 1$20.62
03 BrassCraft 1/2 in. Compression Inlet x 3/8 in.  Compression Outlet 1/4-Turn Angle ValveN/A 235839 $9.73 / each 2$19.06
04 SharkBite 1/2 in. PEX Barb x 6 in. Copper Stub-Out 90- Degree Elbow FittingN/A 840901 $6.54 / each 2$12.82
05 SharkBite 1/2 in. x 10 ft. Blue PEX Pipe N/A 471600 $4.26 / each 1$4.05
06 SharkBite 1/2 in. x 10 ft. White PEX Pipe N/A 556900 $4.26 / each 2$8.08",$103.78,Master Card 0305 Charged $103.78,2024-05-23 21:08:26,O:\_Boiler\Experiments\Extract Texts from PDFs\PDFs\H0563-452892 Receipt.txt
"2/09/2024, 9:02 AM",0563,H0563-453627,0563 00097 61123,3701,"01 Charlotte Pipe 2 in. DWV PVC Double Sanitary Tee  FittingN/A 189782 $12.64 / each 1$12.39
02 Charlotte Pipe 1-1/2 in. PVC DWV Female Adapter N/A 189162 $2.32 / each 1$2.27
03 Mueller Streamline 1-1/2 in. PVC DWV 90-Degree Hub x  Hub ElbowN/A 189502 $4.86 / each 2$9.52
04 Charlotte Pipe 2 in. PVC Socket Schedule 40 Pressure  CapN/A 232777 $2.61 / each 2$5.06",$31.65,Master Card 0305 Charged $31.65,2024-05-23 21:08:26,O:\_Boiler\Experiments\Extract Texts from PDFs\PDFs\H0563-453627 Receipt.txt
"2/12/2024, 11:12 AM",0563,H0563-454069,0563 00097 65470,3701,"01 Charlotte Pipe 1-1/2 in. PVC Schedule 40 Female S x  FPT AdapterN/A 294012 $2.26 / each 1$2.19
02 Mueller Streamline 1-1/2 in. PVC DWV 22-1/2-Degree  Hub x Hub ElbowN/A 641344 $3.59 / each 1$3.52
03 MSI Sierra Blue Ledger Panel 6 in. x 24 in. Natural  Quartzite Wall Tile (4 sq. ft./case)N/A 1000027359 $29.16 / case 2$55.40
04 Everbilt 3/8 in. Compression x 3/8 in. Compression x 3/8  in. Brass T-FittingN/A 367960 $7.47 / each 2$14.64
05 Oatey 8 oz. Purple CPVC and PVC Primer and Medium  Milky All-Purpose ABS, CPVC, PVC Cement Combo  PackN/A 1004662741 $13.26 / each 1$12.86
06 Custom Building Products VersaBond 50 lb. White Fast- Setting Professional Thinset MortarN/A 399775 $12.98 / each 1$12.72",$109.69,Master Card 0305 Charged $109.69,2024-05-23 21:08:26,O:\_Boiler\Experiments\Extract Texts from PDFs\PDFs\H0563-454069 Receipt.txt
"2/17/2024, 8:11 AM",0563,H0563-455030,,3701,"01 GRK Fasteners 8 x 2-3/4 in. Star Drive Low Profile  Washer Head Cabinet Screw (100-Piece per Pack)    PREFERRED PRICING $1.05 OFF EACHN/A 225878 $14.98 / each $13.93 / each1$13.93
02 Unbranded 2 in. x 6 in. x 8 ft. #2 and Better PRIME Kiln- Dried Heat Treated Spruce-Pine-Fir LumberN/A 161713 $6.42 / each 1$6.42",$22.03,"02/17/2024
9:13 AM EST Master Card 0305 Charged $22.03",2024-05-23 21:08:26,O:\_Boiler\Experiments\Extract Texts from PDFs\PDFs\H0563-455030 Receipt.txt
"2/19/2024, 10:30 AM",0563,H0563-455252,0563 00097 76584,3701,"01 Charlotte Pipe 1-1/2 in. PVC DWV 90 Hub x Hub Vent  ElbowN/A 905492 $3.84 / each 2$7.52
02 SharkBite Max 1/2 in. Push to Connect x 3/8 in. O.D.  Compression Brushed Nickel Angle Stop ValveN/A 1005880430 $16.25 / each 1$15.93
03 Titebond 1 gal. Green Choice Fast Grab FRP Adhesive N/A 1000018579 $25.82 / each 1$25.82
04 SharkBite Max 1/2 in. Push-to-Connect x 3/8 in. O.D.  Compression Chrome-Plated Brass Quarter-Turn Angle  Stop ValveN/A 745645 $12.45 / each 1$12.20
05 Mueller Streamline 1-1/2 in. PVC DWV 45-Degree Hub x  Hub x Hub WyeN/A 189545 $6.39 / each 1$6.26
06 Mueller Streamline 1-1/2 in. PVC DWV 45-Degree Hub x  Hub ElbowN/A 189456 $0.96 / each 2$1.88
07 Mueller Streamline 1-1/2 in. PVC DWV 22-1/2-Degree  Hub x Hub ElbowN/A 641344 $3.59 / each 1$3.52
08 Everbilt 1/4 in. x 3 in. Zinc-Plated Toggle Bolt with Round- Head Phillips Drive Screw (10-Piece)N/A 261289 $6.38 / each 1$6.06
09 Charlotte Pipe 1-1/2 in. x 2 ft. PVC DWV Schedule 40  PipeN/A 221646 $5.76 / each 2$11.16Customer Receipt 2/19/2024, 10:30 AM CST   Sales Person TAS5247 Store Phone # (972) 513-2400    Store #0563 Location 3200 W IRVING BLVD, IRVING, TX 75061     | We reserve the right to limit the quantities of merchandise sold to customers. Page2of2",$97.80,Master Card 0305 Charged $97.80,2024-05-23 21:08:26,O:\_Boiler\Experiments\Extract Texts from PDFs\PDFs\H0563-455252 Receipt.txt
"2/19/2024, 12:59 PM",0563,H0563-455305,0563 00097 77038,3701-108,"01 Unbranded 2 in. x 4 in. x 96 in. Prime Kiln-Dried  Whitewood StudN/A 161640 $2.68 / each 1$2.68
02 Mold Armor 32 oz. Mold Blocker N/A 527234 $10.97 / each 1$10.97",$14.78,Master Card 0305 Charged $14.78,2024-05-23 21:08:26,O:\_Boiler\Experiments\Extract Texts from PDFs\PDFs\H0563-455305 Receipt.txt
"2/19/2024, 2:13 PM",0563,H0563-455342,0563 00097 77483,3701-108,"01 Oatey 1-1/2 in. x 12 in. White Plastic Slip-Joint Sink Drain  Extension TubeN/A 1000050270 $4.97 / each 2$9.44
02 Oatey 1-1/2 in. 90 Degree Plastic Double Slip-Joint Sink  Drain Elbow Pipe, WhiteN/A 1000050258 $4.77 / each 4$18.12
03 Oatey 1-1/2 in. Sink Drain Pipe Plastic Slip-Joint Nut with  Rubber Reducing WashersN/A 1000049738 $3.27 / each 1$3.11
04 Oatey 1-1/2 in. x 12 in. White Plastic Flanged Strainer  Sink Drain TailpieceN/A 1000050279 $3.54 / each 2$6.72
05 Oatey 1-1/2 in. White Plastic Sink Drain Wall Tube N/A 1000050249 $3.84 / each 2$7.40
06 DAP Plastic Wood-X with DryDex 5.5 oz. All-Purpose  Wood FillerN/A 1001650864 $7.98 / each 1$7.74",$56.76,Master Card 0305 Charged $56.76,2024-05-23 21:08:26,O:\_Boiler\Experiments\Extract Texts from PDFs\PDFs\H0563-455342 Receipt.txt
"2/29/2024, 10:09 AM",0563,H0563-457154,0563 00097 94470,3701,"01 DAP DYNAFLEX Ultra 10.1 oz. Gray Advanced Exterior  Window, Door, and Siding SealantN/A 1003545327 $8.78 / each 3$26.34
02 Unbranded 4 in.x 1/4 in.Shed Resistant White Woven  Mini Paint Roller (6-Pack)N/A 1001287497 $11.34 / each 1$11.00
03 BEHR Premium Plus 1 gal. Medium Base Eggshell  Enamel Low Odor Interior Paint and Primer in OneN/A 925081 $31.98 / each 1$25.58
04 BEHR PREMIUM PLUS 1 gal. Medium Base Semi-Gloss  Enamel Low Odor Interior Paint and Primer in OneN/A 928480 $37.98 / gallon 1$30.39
05 Schlage Elan Satin Chrome Privacy Light Commercial Bed /Bath Door HandleN/A 665585 $38.47 / each 2$73.08
06 Schlage Elan Satin Chrome Passage Light Commercial  Hall/Closet Door HandleN/A 665666 $38.47 / each 1$36.55",$219.68,Master Card 0305 Charged $219.68,2024-05-23 21:08:26,O:\_Boiler\Experiments\Extract Texts from PDFs\PDFs\H0563-457154 Receipt.txt
"2/29/2024, 1:15 PM",0563,H0563-457214,0563 00097 95014,3701,"01 Unbranded 2 in. x 4 in. x 96 in. Prime Kiln-Dried  Whitewood StudN/A 161640 $2.68 / each 4$10.72
02 BEHR Premium Plus 1 gal. Deep Base Eggshell Enamel  Low Odor Interior Paint and Primer in OneN/A 924322 $31.98 / gallon 1$25.58
03 Custom Building Products Polyblend #09 Natural Gray  10.5 oz. Sanded Ceramic Tile CaulkN/A 784042 $7.97 / each 1$7.73
04 3M 2 5/8 in. x 3 3/4 in x 1 in. Dual Grit Fine/Medium  Drywall Sanding Sponge (2-Pack)N/A 748988 $5.98 / each 1$5.80
05 USG USG Sheetrock Easy Sand Patching Compound -  18 LB Bag (Set Time: 5 min) 384150N/A 506080 $10.88 / bag 1$10.66
06 GREAT STUFF 12 oz. Gaps and Cracks Insulating Spray  Foam SealantN/A 138142 $4.38 / each 2$8.76",$74.96,Master Card 0305 Charged $74.96,2024-05-23 21:08:26,O:\_Boiler\Experiments\Extract Texts from PDFs\PDFs\H0563-457214 Receipt.txt
"3/02/2024, 9:53 AM",0563,H0563-457521,0563 00097 98034,3701,"01 Klean-Strip 1 Gal. Lacquer Thinner N/A 285901 $20.98 / each 1$20.98
02 HDX 1 lbs. Roll-O-Rags N/A 397851 $6.98 / each 1$6.77
03 BrassCraft 3/8 in. Compression x 3/8 in. Compression x  20 in. Braided Polymer Dishwasher Supply LineN/A 470078 $5.75 / each 2$11.26
04 Everbilt 3/8 in. Compression x 3/8 in. Compression x 3/8  in. Brass T-FittingN/A 367960 $7.47 / each 1$7.32",$50.15,Master Card 0305 Charged $50.15,2024-05-23 21:08:26,O:\_Boiler\Experiments\Extract Texts from PDFs\PDFs\H0563-457521 Receipt.txt
"3/04/2024, 11:50 AM",0563,H0563-457777,0563 00097 00089,robin,01 BEHR Premium Plus 1 qt. Medium Base Eggshell Enamel  Low Odor Interior PaintN/A 925147 $14.98 / quart 1$14.98,$16.22,Master Card 0305 Charged $16.22,2024-05-23 21:08:26,O:\_Boiler\Experiments\Extract Texts from PDFs\PDFs\H0563-457777 Receipt.txt
"3/06/2024, 11:14 AM",0563,H0563-458203,0563 00097 04214,3701,"01 DAP Alex Plus 10.1 oz. White Acrylic Latex Caulk Plus  SiliconeN/A 984590 $4.28 / each 4$17.12
02 Custom Building Products Polyblend #09 Natural Gray  10.5 oz. Sanded Ceramic Tile CaulkN/A 784042 $7.97 / each 1$7.73
03 M-D Building Products Platinum Series 1 in. x 1 in. x 156  in. Black Expandable Foam Tape Weatherseal for  Uneven GapsN/A 1004862371 $18.93 / each 2$35.96
04 Charlotte Pipe 2 in. PVC DWV Cleanout Plug N/A 189278 $2.17 / each 2$4.24
05 Mueller Streamline 2 in. PVC DWV Hub x FIPT Female  AdapterN/A 189170 $3.97 / each 2$7.78
06 HDX 1 lbs. Roll-O-Rags N/A 397851 $6.98 / each 1$6.77",$86.17,Master Card 0305 Charged $86.17,2024-05-23 21:08:26,O:\_Boiler\Experiments\Extract Texts from PDFs\PDFs\H0563-458203 Receipt.txt
"3/21/2024, 11:21 AM",0563,H0563-460934,0563 00097 30011,3701,"01 Klean-Strip 1 qt. Lacquer Thinner Cleans Sprayers and  ToolsN/A 285896 $9.98 / each 1$9.98
02 DIABLO 4 in. x 10 TPI Fine Finish Bi-Metal Jigsaw Blade  (5-Pack)N/A 1005342051 $11.97 / each 1$11.13
03 BEHR PREMIUM 1 gal. Deep Base Eggshell Direct to  Metal Interior/Exterior PaintN/A 1004303505 $45.98 / each 1$36.78
04 HDX 1 lbs. Roll-O-Rags N/A 397851 $6.98 / each 1$6.77",$69.99,Master Card 0305 Charged $69.99,2024-05-23 21:08:26,O:\_Boiler\Experiments\Extract Texts from PDFs\PDFs\H0563-460934 Receipt.txt
"5/08/2024, 7:55 AM",6504,H6504-379342,6504 00097 92060,2880 Keller Hick,"01 The Home Depot 5 gal. Homer Bucket N/A 131227 $4.48 / each 2$8.96
02 Saint-Gobain ADFORS 1-7/8""x300' FibaTape Mold-X10  Self-Adhesive Drywall Joint Tape - FDW8664-UN/A 605005 $10.98 / each 1$10.65
03 Generic 2-1/16 in. x 250 ft. Drywall Joint Tape Roll 152120 N/A 258423 $3.61 / each 1$3.50
04 USG 3.5 gal. Soquete Ready-Mixed Joint Compound N/A 611778 $11.24 / each 3$33.03
05 USG 18 lb. Easy Sand 45 Setting-Type Joint Compound N/A 632716 $11.25 / each 2$22.04",$84.63,Master Card 0305 Charged $84.63,2024-05-23 21:08:26,O:\_Boiler\Experiments\Extract Texts from PDFs\PDFs\H6504-379342 Receipt-2.txt
"5/08/2024, 7:55 AM",6504,H6504-379342,6504 00097 92060,2880 Keller Hick,"01 The Home Depot 5 gal. Homer Bucket N/A 131227 $4.48 / each 2$8.96
02 Saint-Gobain ADFORS 1-7/8""x300' FibaTape Mold-X10  Self-Adhesive Drywall Joint Tape - FDW8664-UN/A 605005 $10.98 / each 1$10.65
03 Generic 2-1/16 in. x 250 ft. Drywall Joint Tape Roll 152120 N/A 258423 $3.61 / each 1$3.50
04 USG 3.5 gal. Soquete Ready-Mixed Joint Compound N/A 611778 $11.24 / each 3$33.03
05 USG 18 lb. Easy Sand 45 Setting-Type Joint Compound N/A 632716 $11.25 / each 2$22.04",$84.63,Master Card 0305 Charged $84.63,2024-05-23 21:08:26,O:\_Boiler\Experiments\Extract Texts from PDFs\PDFs\H6504-379342 Receipt.txt
"3/07/2024, 9:51 AM",6557,H6557-293252,,3701,"01 Libman Tornado Blended Cotton Twist Mop    PREFERRED PRICING $0.39 OFF EACHN/A 536022 $12.97 / each $12.58 / each1$12.58
02 ZEP 128 oz. Industrial Purple Degreaser    PREFERRED PRICING $0.42 OFF EACHN/A 1005437801 $13.98 / each $13.56 / each1$13.56
03 Anvil Soft Grip Carbon Steel Bristles Wire Brush 4 x 16  Rows    PREFERRED PRICING $0.21 OFF EACHN/A 1004644053 $6.98 / each $6.77 / each1$6.77",$35.63,"03/07/2024
10:52 AM EST Master Card 0305 Charged $35.63",2024-05-23 21:08:26,O:\_Boiler\Experiments\Extract Texts from PDFs\PDFs\H6557-293252 Receipt.txt
"4/24/2024, 10:20 AM",6581,H6581-253700,6581 00097 89975,keller,"01 James Hardie HardieBacker 0.42 in. x 3 ft. x 5 ft. Cement  BackerboardN/A 202225 $14.85 / each 9$126.90
02 Unbranded 2 in. x 8 in. x 20 ft. #2 Prime Kiln-Dried  Southern Yellow Pine LumberN/A 648078 $19.18 / each 1$19.18
03 OATEY PVC Shower Drain Base with Clamp Ring Collar N/A 1002701816 $11.36 / each 1$11.36
04 Grip-Rite #10 x 2-1/2 in. 8-Penny Steel Cut Masonry Nails  (1 lb.-Pack)N/A 511102 $8.25 / box 1$7.84
05 Unbranded 5 ft. x 6 ft. Pre-Cut PVC Shower Pan Liner in  GrayN/A 239493 $39.98 / each 1$39.98
06 SharkBite 1/2 in. Copper Crimp Rings (25-Pack) N/A 639072 $9.33 / each 2$18.66
07 SharkBite 1/2 in. PEX Barb Plastic Coupling Fitting (5- Pack)N/A 1001404687 $4.57 / each 1$4.57
08 SharkBite 1/2 in. PEX Barb Plastic Plug Fitting (5-Pack) N/A 1001404712 $4.18 / each 2$8.36
09 Apollo 1/2 in. Plastic PEX-B Barb 90-Degree Elbow (5- Pack)N/A 1001404698 $5.68 / each 2$11.36 10 SharkBite 1/2 in. PEX Barb Plastic Tee Fitting (5-Pack) N/A 1001404708 $8.38 / each 1$8.38 11 ZIP SYSTEM SEAM TAPE N/A 777033 $34.95 / roll 1$33.90 12 Niagara 16.9 fl. oz. Purified Drinking Water (24-Pack) N/A 218340 $4.98 / each 1$4.98 13 Coca-Cola 12 fl. oz. Coca-Cola Fridge Pack Cans (12- Pack)N/A 397258 $7.78 / each 1$7.78 14 Sheetrock UltraLight 1/2 in. x 4 ft. x 8 ft. Gypsum Board N/A 893749 $13.48 / each 14$184.94Customer Receipt 4/24/2024, 10:20 AM CDT   Sales Person W4I0JOU Store Phone # (817) 430-2571    Store #6581 Location 125 E STATE HWY 114, ROANOKE, TX 76262     | We reserve the right to limit the quantities of merchandise sold to customers. Page2of2",$528.05,Master Card 0305 Charged $528.05,2024-05-23 21:08:26,O:\_Boiler\Experiments\Extract Texts from PDFs\PDFs\H6581-253700 Receipt.txt
"4/29/2024, 1:25 PM",6581,H6581-254298,6581 00097 93910,keller,"01 Reddy Ice 16 lbs. Cocktail Ice N/A 1006914872 $3.78 / each 1$3.78
02 Coca-Cola 12 fl. oz. Coca-Cola Fridge Pack Cans (12- Pack)N/A 397258 $7.78 / each 1$7.78
03 Oatey Shower Pan Liner Corner Dam N/A 956082 $4.47 / each 1$4.47
04 Everbilt EVERBILT PLASTIC INCREASER /  DECREASER, 3 IN. - 4 IN.N/A 598335 $3.82 / each 2$7.40",$25.36,Master Card 0305 Charged $25.36,2024-05-23 21:08:26,O:\_Boiler\Experiments\Extract Texts from PDFs\PDFs\H6581-254298 Receipt.txt
"4/17/2024, 9:05 AM",6814,H6814-380669,6814 00097 49219,Keller,"01 Grip-Rite 328 ft. Tie Wire 16 Gauge 3.5 lb. Roll N/A 572365 $11.45 / each 2$22.90
02 Grip-Rite 2-1/4 in. Rebar High Chair (20-Piece) N/A 143491 $7.61 / bag 2$15.22
03 Avanti Pro 7 in. Turbo Diamond Blade N/A 131656 $15.97 / each 2$31.94
04 Niagara 16.9 fl. oz. Purified Drinking Water (24-Pack) N/A 218340 $4.98 / each 1$4.98",$80.82,Master Card 0305 Charged $80.82,2024-05-23 21:08:26,O:\_Boiler\Experiments\Extract Texts from PDFs\PDFs\H6814-380669 Receipt.txt
"4/17/2024, 11:57 AM",6814,H6814-380753,6814 00097 49805,Keller,"01 Victor Snake-A-Way Hose-End Spray - 32 oz - Repels  Venomous and Non-Venomous SnakesN/A 1004664511 $16.97 / each 1$16.97
02 Unbranded Trade 2 Gal. (1.8 Gal.) Black Thermoformed  Nursery PotN/A 232000 $2.47 / each 4$9.88
03 Oatey 3 in. PVC Open Offset Toilet Flange with Stainless  Steel RingN/A 1003308406 $15.36 / each 1$15.05
04 Oatey 5 in. x 8 in. 16-Gauge Stud Guard Safety Plate N/A 726604 $3.64 / each 6$21.18
05 Charlotte Pipe 3 in. DWV PVC 22-1/2-degree Hub x Hub  Elbow FittingN/A 641361 $10.96 / each 2$21.48
06 Niagara 16.9 fl. oz. Purified Drinking Water (24-Pack) N/A 218340 $4.98 / each 1$4.98",$96.52,Master Card 0305 Charged $96.52,2024-05-23 21:08:26,O:\_Boiler\Experiments\Extract Texts from PDFs\PDFs\H6814-380753 Receipt.txt
"4/18/2024, 4:48 PM",6814,H6814-381035,6814 00097 51819,Keller,01 Cobra Anchors 1/2 in. x 5-1/2 in. Anchor (10-Pack) N/A 1005226551 $17.80 / box 1$16.91,$18.31,Master Card 0305 Charged $18.31,2024-05-23 21:08:26,O:\_Boiler\Experiments\Extract Texts from PDFs\PDFs\H6814-381035 Receipt.txt
"4/19/2024, 10:49 AM",6814,H6814-381129,6814 00097 52445,Keller,"01 Unbranded 2 in. x 8 in. x 16 ft. Prime Lumber N/A 581968 $14.86 / each 1$14.86
02 Unbranded 2 in. x 6 in. x 16 ft. #2 and Better PRIME Kiln- Dried Heat Treated Spruce-Pine-Fir LumberN/A 161799 $13.95 / each 7$97.65
03 Coca-Cola 12 fl. oz. Coca-Cola Fridge Pack Cans (12- Pack)N/A 397258 $7.78 / each 1$7.78
04 Niagara 16.9 fl. oz. Purified Drinking Water (24-Pack) N/A 218340 $4.98 / each 2$9.96
05 Owens Corning FoamSealR 3-1/2 in. x 50 ft. Multi-Use  Ridged Sill Plate GasketN/A 150247 $7.40 / roll 1$7.40
06 Unbranded 2 in. x 4 in. x 10 ft. Standard and Better Kiln- Dried Heat Treated Spruce-Pine-Fir LumberN/A 161659 $6.16 / each 19$117.04",$274.88,Master Card 0305 Charged $274.88,2024-05-23 21:08:26,O:\_Boiler\Experiments\Extract Texts from PDFs\PDFs\H6814-381129 Receipt.txt
"4/19/2024, 1:35 PM",6814,H6814-381175,,KELLER HICKS,"01 Gibraltar Building Products 4 in. x 4 in. x 10 ft. Galvanized  Steel 90 L Flashing    PREFERRED PRICING $0.24 OFF EACHN/A 893805 $11.92 / each $11.68 / each3$35.04
02 Everbilt 1/4 in. x 3-1/2 in. Hex Zinc Plated Lag Screw    PREFERRED PRICING $0.03 OFF EACHN/A 654957 $0.57 / each $0.54 / each12 $6.48",$44.95,"04/19/2024
2:36 PM EDT Master Card 0305 Charged $44.95",2024-05-23 21:08:26,O:\_Boiler\Experiments\Extract Texts from PDFs\PDFs\H6814-381175 Receipt.txt
"4/22/2024, 3:53 PM",6814,H6814-381594,6814 00097 54870,keller,"01 Unbranded 2 in. x 8 in. x 12 ft. Prime Lumber N/A 560499 $10.55 / each 1$10.55
02 Doritos Spicy Nacho Cheese Tortilla Chips 2.75oz N/A 1005202862 $2.68 / each 1$2.68
03 WeatherShield 2 in. x 4 in. x 10 ft. 2 Prime Ground  Contact Pressure-Treated Southern Yellow Pine LumberN/A 1001753748 $6.58 / each 2$13.16
04 Unbranded 2 in. x 4 in. x 10 ft. Standard and Better Kiln- Dried Heat Treated Spruce-Pine-Fir LumberN/A 161659 $6.16 / each 28$172.48
05 Millstead 2 in. x 4 in. x 12 ft. Standard and Better Kiln- Dried Heat Treated Spruce-Pine-Fir LumberN/A 161667 $7.33 / each 2$14.66
06 Red Bull Red Bull US Can - 24x0,355 l Tray (12oz) N/A 516352 $3.68 / each 1$3.68",$235.13,Master Card 0305 Charged $235.13,2024-05-23 21:08:26,O:\_Boiler\Experiments\Extract Texts from PDFs\PDFs\H6814-381594 Receipt.txt
"4/24/2024, 1:38 PM",6814,H6814-381982,,keller,"01 Simpson Strong-Tie ZMAX 18-Gauge Galvanized Steel  Angle    PREFERRED PRICING $0.04 OFF EACHN/A 296044 $0.78 / each $0.74 / each39$28.86
02 Simpson Strong-Tie Z-MAX 18-Gauge Galvanized  Hurricane Tie    PREFERRED PRICING $0.05 OFF EACHN/A 102924 $0.98 / each $0.93 / each14$13.02
03 Simpson Strong-Tie ZMAX 18-Gauge Galvanized  Framing Angle    PREFERRED PRICING $0.07 OFF EACHN/A 866069 $1.38 / each $1.31 / each5$6.55
04 Simpson Strong-Tie 20-Gauge 7/16 in. Plywood  Sheathing Clip (50 Qty)    PREFERRED PRICING $0.53 OFF EACHN/A 668946 $10.50 / bag $9.97 / bag1$9.97
05 SharkBite 1/2 in. PEX Barb x 6 in. Copper Stub-Out 90- Degree Elbow Fitting    PREFERRED PRICING $0.13 OFF EACHN/A 840901 $6.54 / each $6.41 / each5$32.05
06 Wrigley's BUBBLE TAPE N/A 256870 $2.18 / each 1$2.18
07 SharkBite 1/2 in. PEX Pipe Talon Clamp (10-Pack) N/A 689000 $3.27 / each 1$3.27
08 SharkBite 1/2 in. PEX Barb x FIP Brass Adapter Fitting (5- Pack)N/A 1001405313 $14.68 / each 1$14.68
09 Master Flow 8 in. x 4 in. to 4 in. Insulated Register Box    PREFERRED PRICING $0.59 OFF EACHN/A 408009 $19.56 / each $18.97 / each1$18.97 10 Master Flow 8 in. x 4 in. to 5 in. Insulated Register Box    PREFERRED PRICING $0.51 OFF EACHN/A 814075 $16.98 / each $16.47 / each1$16.47 11 Master Flow 1.75 in. W x 100 yd. Woven Vinyl Hanger  Strap    PREFERRED PRICING $0.71 OFF EACHN/A 439005 $23.95 / each $23.24 / each1$23.24 12 Millstead 2 in. x 6 in. x 20 ft. #2 Prime Kiln-Dried Southern  Yellow Pine LumberN/A 648019 $13.98 / each 4$55.92 13 Master Flow 4 in. x 25 ft. Insulated Flexible Duct R8 Silver  Jacket    PREFERRED PRICING $2.18 OFF EACHN/A 809916 $72.78 / each $70.60 / each1$70.60Customer Receipt 4/24/2024, 1:38 PM CDT   Sales Person WGOE5CK Store Phone # (817) 232-8100    Store #6814 Location 7100 NORTH FREEWAY, FORT WORTH, TX 76137     | We reserve the right to limit the quantities of merchandise sold to customers. Page2of2",$320.18,"04/24/2024
2:46 PM EDT Master Card 0305 Charged $320.18",2024-05-23 21:08:26,O:\_Boiler\Experiments\Extract Texts from PDFs\PDFs\H6814-381982 Receipt.txt
"4/25/2024, 10:29 AM",6814,H6814-382135,6814 00097 58566,keller,"01 DIABLO 7-1/4in. x 24-Teeth Tracking Point Framing Saw  Blade for WoodN/A 793616 $9.97 / each 1$9.67
02 DIABLO 7-1/4in. x 36-Teeth Carbide Saw Blade for Wood  and MetalN/A 1003987580 $22.97 / each 1$22.28
03 DIABLO 7-1/4in. x 56-Teeth Circular Saw Blade for Thick  AluminumN/A 517197 $32.97 / each 1$31.98
04 Reddy Ice 7 lbs. Cocktail Ice N/A 1006917295 $2.75 / each 1$2.75
05 Oatey 5 in. x 8 in. 16-Gauge Stud Guard Safety Plate N/A 726604 $3.64 / each 6$21.18
06 Charlotte Pipe 1 1/2 in. PVC DWV 45 Hub x Hub Elbow  FittingN/A 189316 $2.32 / each 6$13.62
07 Mueller Streamline 2 in. x 1-1/2 in. x 1-1/2 in. PVC All- Hub Sanitary Reducing TeeN/A 641196 $5.14 / each 1$5.04
08 Charlotte Pipe 1 1/2 in. x 2 in. PVC DWV Hub x Hub  Increaser/Reducer CouplingN/A 472476 $2.87 / each 1$2.81
09 Charlotte Pipe 1-1/2 in. PVC DWV Coupling N/A 189014 $1.24 / each 2$2.42 10 Oatey 2 in. ABS Pipe Test Cap with Knockout N/A 508257 $0.59 / each 1$0.58 11 Charlotte Pipe 1-1/2 in. PVC DWV Sanitary Tee N/A 189634 $3.42 / each 4$13.40 12 James Hardie HardieSoffit HZ10 1/4 in. x 16 in. x 144 in.  Fiber Cement Vented Cedarmill Soffit PanelN/A 777151 $33.98 / each 1$33.98 13 Unbranded 5/16x12x12' James Hardie HardiePlank  Select Cedarmill - Primed HZ10 215520N/A 553776 $20.72 / each 3$62.16 14 James Hardie 5/16 in. x 8-1/4 in. x 12 ft. Cedarmill Fiber  Cement Lap Siding (Actual: 7.5 mm x 8.125 in. x 143.87  in.)N/A 462260 $11.52 / each 3$34.56 15 Master Flow 8 in. x 4 in. to 5 in. Insulated Register Box N/A 814075 $16.98 / each 2$32.94 16 Niagara 16.9 fl. oz. Purified Drinking Water (24-Pack) N/A 218340 $4.98 / each 2$9.96 17 Broan-NuTone 50 CFM Ceiling/Wall Mount Bathroom  Exhaust Fan N/A 126313 $21.98 / each $19.88 / each2$38.96Customer Receipt 4/25/2024, 10:29 AM CDT   Sales Person N29PBMW Store Phone # (817) 232-8100    Store #6814 Location 7100 NORTH FREEWAY, FORT WORTH, TX 76137     | We reserve the right to limit the quantities of merchandise sold to customers. Page2of2Item Description Model # SKU # Unit Price QtySubtotal   SPECIAL BUY $2.10 OFF EACH 18 Husky 42 Gal. Contractor Bags (50-Count) N/A 267000 $29.97 / each 1$29.07 19 JM EAGLE 1-1/2 in. x 10 ft. 330 psi White PVC Schedule  40 DWV Plain End PipeN/A 193844 $12.78 / each 4$49.56 20 James Hardie Hardie Trim HZ10 0.75 in. x 3.5 in. x 12 ft.  Primed Rustic Grain Fiber Cement Trim BoardN/A 367317 $17.86 / each 3$53.58 21 Master Flow 7 in. x 25 ft. Insulated Flexible Duct R8 Silver  JacketN/A 496584 $82.00 / each 1$79.54",$594.60,Master Card 0305 Charged $594.60,2024-05-23 21:08:26,O:\_Boiler\Experiments\Extract Texts from PDFs\PDFs\H6814-382135 Receipt.txt
"4/25/2024, 1:22 PM",6814,H6814-382183,6814 00097 58848,keller,"01 Commercial Electric 2 in. x 150 ft. Vinyl Electrical  Bundling Tape - SilverN/A 772897 $7.98 / each 1$7.98
02 James Hardie Hardie Trim HZ10 0.75 in. x 3.5 in. x 12 ft.  Primed Rustic Grain Fiber Cement Trim BoardN/A 367317 $17.86 / each 2$35.72
03 James Hardie 5/16 in. x 8-1/4 in. x 12 ft. Cedarmill Fiber  Cement Lap Siding (Actual: 7.5 mm x 8.125 in. x 143.87  in.)N/A 462260 $11.52 / each 2$23.04
04 Unbranded Oriented Strand Board (Common: 7/16 in. x 4  ft. x 8 ft.; Actual: 0.418 in. x 47.75 in. x 95.75 in.)N/A 386081 $22.65 / each 2$43.94",$119.81,Master Card 0305 Charged $119.81,2024-05-23 21:08:26,O:\_Boiler\Experiments\Extract Texts from PDFs\PDFs\H6814-382183 Receipt.txt
"4/25/2024, 3:14 PM",6814,H6814-382215,6814 00097 59051,Keller,"01 SharkBite 1/2 in. PEX Barb Plastic Tee Fitting (5-Pack) N/A 1001404708 $8.38 / each 1$8.38
02 Unbranded Oriented Strand Board (Common: 7/16 in. x 4  ft. x 8 ft.; Actual: 0.418 in. x 47.75 in. x 95.75 in.)N/A 386081 $22.65 / each 2$43.94",$56.64,Master Card 0305 Charged $56.64,2024-05-23 21:08:26,O:\_Boiler\Experiments\Extract Texts from PDFs\PDFs\H6814-382215 Receipt.txt
"4/26/2024, 9:52 AM",6814,H6814-382294,,Keller,"01 Master Flow 8 in. Starting Collar Take Off - Snap  Together    PREFERRED PRICING $0.27 OFF EACHN/A 643114 $8.98 / each $8.71 / each1$8.71
02 Nashua Tape 1.89 in. x 50 yd. 322 Multi-Purpose HVAC  Foil Sealer Duct Tape    PREFERRED PRICING $0.63 OFF EACHN/A 915245 $12.60 / roll $11.97 / roll1$11.97
03 Everbilt EVERBILT 4 IN. METAL WORM DRIVE CLAMP    PREFERRED PRICING $0.10 OFF EACHN/A 598764 $3.28 / each $3.18 / each4$12.72
04 Master Flow 6 in. to 4 in. Round Reducer    PREFERRED PRICING $0.35 OFF EACHN/A 699047 $11.48 / each $11.13 / each2$22.26
05 Everbilt 4 in. x 8 ft. Flexible Dryer Duct N/A 1004061073 $14.98 / each 1$14.98
06 Master Flow 8 in. to 6 in. x 6 in. Wye    PREFERRED PRICING $0.54 OFF EACHN/A 643092 $17.98 / each $17.44 / each1$17.44
07 Malco 36 in. Nylon Adjustable Tie (25-Pack)    PREFERRED PRICING $0.54 OFF EACHN/A 206709 $17.98 / package $17.44 / package1$17.44
08 Master Flow 8 in. x 25 ft. Insulated Flexible Duct R8 Silver  Jacket    PREFERRED PRICING $2.84 OFF EACHN/A 812305 $94.55 / each $91.71 / each1$91.71
09 Quikrete 80 lb. Concrete Mix    PREFERRED PRICING $0.10 OFF EACHN/A 169765 $4.98 / each $4.88 / each1$4.88 10 Reddy Ice 7 lbs. Cocktail Ice N/A 1006917295 $2.75 / each 1$2.75Customer Receipt 4/26/2024, 9:52 AM CDT   Sales Person GXG2CUT Store Phone # (817) 232-8100    Store #6814 Location 7100 NORTH FREEWAY, FORT WORTH, TX 76137     | We reserve the right to limit the quantities of merchandise sold to customers. Page2of2",$221.76,"04/26/2024
10:54 AM EDT Master Card 0305 Charged $221.76",2024-05-23 21:08:26,O:\_Boiler\Experiments\Extract Texts from PDFs\PDFs\H6814-382294 Receipt.txt
"4/29/2024, 9:15 AM",6814,H6814-382720,6814 00097 61834,Keller,"01 Simpson Strong-Tie 2 in. x 1-1/2 in. x 2-3/4 in. ZMAX  Galvanized AngleN/A 208105 $1.78 / each 16$27.04
02 Simpson Strong-Tie 3-1/4 in. 18-Gauge Gusset Angle N/A 335216 $1.28 / each 9$10.89
03 Powerade POWERADE Mountain Berry Blast Bottles, 20  fl. oz., 8 PackN/A 957043 $5.98 / each 1$5.98
04 Oatey 16 oz. X-15 PVC Shower Pan Liner Adhesive  CementN/A 418455 $12.98 / each 1$12.59
05 Mueller Streamline 1-1/2 in. PVC DWV 45-Degree Hub x  Hub ElbowN/A 189456 $0.96 / each 3$2.82
06 Oatey Fast Set 3 in. Outside Fit or 4 in. Inside Fit PVC  Hub Toilet Flange with Test Cap and Plastic RingN/A 1003316823 $6.26 / each 1$6.14
07 Everbilt 4 in. x 8 ft. Flexible Dryer Duct N/A 1004061073 $14.98 / each 1$14.98
08 Malco 36 in. Nylon Adjustable Tie (25-Pack) N/A 206709 $17.98 / package 1$17.44
09 Master Flow 7 in. x 25 ft. Insulated Flexible Duct R8 Silver  JacketN/A 496584 $82.00 / each 1$79.54Customer Receipt 4/29/2024, 9:15 AM CDT   Sales Person GXG2CUT Store Phone # (817) 232-8100    Store #6814 Location 7100 NORTH FREEWAY, FORT WORTH, TX 76137     | We reserve the right to limit the quantities of merchandise sold to customers. Page2of2",$192.06,Master Card 0305 Charged $192.06,2024-05-23 21:08:26,O:\_Boiler\Experiments\Extract Texts from PDFs\PDFs\H6814-382720 Receipt.txt
"4/30/2024, 8:46 AM",6814,H6814-382907,6814 00097 63046,keller,"01 Reddy Ice 7 lbs. Cocktail Ice N/A 1006917295 $2.75 / each 1$2.75
02 DIABLO 7/16 in. SnapLock Plus Hole Saw Mandrel  System with Fast Plug EjectionN/A 1008022788 $17.97 / each 1$17.43
03 FIRM GRIP Large Precision Grip Work Gloves N/A 1007454866 $5.48 / each 1$5.32
04 RIDGID Fine Dust Pleated Paper Wet/Dry Vac  Replacement Cartridge Filter for Most 5 Gal and Larger  RIDGID Shop Vacuums (1-Pack)N/A 335151 $29.97 / each 1$29.97
05 GORILLA GRIP Large TRAX Extreme Grip Work Gloves  (5-Pack)N/A 1009710408 $9.88 / each 1$9.58",$70.42,Master Card 0305 Charged $70.42,2024-05-23 21:08:26,O:\_Boiler\Experiments\Extract Texts from PDFs\PDFs\H6814-382907 Receipt-2.txt
"4/30/2024, 8:46 AM",6814,H6814-382907,6814 00097 63046,keller,"01 Reddy Ice 7 lbs. Cocktail Ice N/A 1006917295 $2.75 / each 1$2.75
02 DIABLO 7/16 in. SnapLock Plus Hole Saw Mandrel  System with Fast Plug EjectionN/A 1008022788 $17.97 / each 1$17.43
03 FIRM GRIP Large Precision Grip Work Gloves N/A 1007454866 $5.48 / each 1$5.32
04 RIDGID Fine Dust Pleated Paper Wet/Dry Vac  Replacement Cartridge Filter for Most 5 Gal and Larger  RIDGID Shop Vacuums (1-Pack)N/A 335151 $29.97 / each 1$29.97
05 GORILLA GRIP Large TRAX Extreme Grip Work Gloves  (5-Pack)N/A 1009710408 $9.88 / each 1$9.58",$70.42,Master Card 0305 Charged $70.42,2024-05-23 21:08:26,O:\_Boiler\Experiments\Extract Texts from PDFs\PDFs\H6814-382907 Receipt.txt
"4/30/2024, 12:26 PM",6814,H6814-383004,6814 00097 63756,Keller,"01 Unbranded 5 ft. x 6 ft. Pre-Cut PVC Shower Pan Liner in  GrayN/A 239493 $39.98 / each 1$39.98
02 Oatey Shower Pan Liner Corner Dam N/A 956082 $4.47 / each 2$8.94",$52.96,Master Card 0305 Charged $52.96,2024-05-23 21:08:26,O:\_Boiler\Experiments\Extract Texts from PDFs\PDFs\H6814-383004 Receipt.txt
"4/30/2024, 1:28 PM",6814,H6814-383022,6814 00097 63830,Keller,"01 Rapid Set 55 lbs. Mortar Mix N/A 383759 $18.51 / each 2$35.16
02 Everbilt 3/8 in. Zinc Flat Washer (25-Pack) N/A 328154 $4.31 / bag 1$4.10
03 Custom Building Products LevelQuik 1 qt. Acrylic Primer  and SealerN/A 148635 $9.47 / each 1$9.28
04 Everbilt 1/2 in. Zinc-Plated Cut Washer N/A 655589 $0.27 / each 5$1.25
05 Everbilt 1/2 in.-13 Zinc Plated Hex Nut N/A 655465 $0.29 / each 7$1.89",$55.94,Master Card 0305 Charged $55.94,2024-05-23 21:08:26,O:\_Boiler\Experiments\Extract Texts from PDFs\PDFs\H6814-383022 Receipt.txt
"5/07/2024, 8:44 AM",6814,H6814-384181,6814 00097 72203,2800 keller dr,"01 Clark-Dietrich 1-1/4 in. x 8 ft. Quicksilver Metal Corner  BeadN/A 423629 $3.98 / each 4$15.44
02 Sheetrock UltraLight 1/2 in. x 4 ft. x 8 ft. Gypsum Board N/A 893749 $13.48 / each 15$198.15",$231.21,Master Card 0305 Charged $231.21,2024-05-23 21:08:26,O:\_Boiler\Experiments\Extract Texts from PDFs\PDFs\H6814-384181 Receipt.txt
"5/11/2024, 8:53 AM",6814,H6814-384994,,2880 Keller Hicks Rd,"01 Custom Building Products RedGard 1 Gal. Waterproofing   and Crack Prevention Membrane   PREFERRED PRICING $1.12 OFF EACHN/A 755504 $55.97 / each $54.85 / each1$54.85
02 Custom Building Products VersaBond-LFT 50 lb. Gray  Fast-Setting Medium Bed Mortar for Large Format Tile   and Stone   PREFERRED PRICING $0.55 OFF EACHN/A 1001977115 $27.28 / each $26.73 / each5$133.65
03 QEP LASH White 1/16 in. Clip, Part A of Two-Part Tile   Leveling System 1,000-Pack   PREFERRED PRICING $2.45 OFF EACHN/A 1004685287 $81.57 / package $79.12 / package1$79.12
04 QEP LASH Yellow Wedge, Part B of Two-Part Tile   Leveling System 100-Pack   PREFERRED PRICING $0.37 OFF EACHN/A 1004685291 $12.27 / package $11.90 / package1$11.90
05 TXI  Sakrete 60 lb. Type N Mortar Mix   PREFERRED PRICING $0.21 OFF EACHN/A 489028 $6.94 / each $6.73 / each4$26.92
06 Rock-On #9 x 1-5/8 in. Serrated Flat Head Star Drive  Cement Board Screws (575-Pack)N/A 1002419409 $34.87 / each 1$34.87",$369.47,"05/11/2024
9:55 AM EDT Master Card 0305 Charged $369.47",2024-05-23 21:08:26,O:\_Boiler\Experiments\Extract Texts from PDFs\PDFs\H6814-384994 Receipt-2.txt
"5/11/2024, 8:53 AM",6814,H6814-384994,,2880 Keller Hicks Rd,"01 Custom Building Products RedGard 1 Gal. Waterproofing   and Crack Prevention Membrane   PREFERRED PRICING $1.12 OFF EACHN/A 755504 $55.97 / each $54.85 / each1$54.85
02 Custom Building Products VersaBond-LFT 50 lb. Gray  Fast-Setting Medium Bed Mortar for Large Format Tile   and Stone   PREFERRED PRICING $0.55 OFF EACHN/A 1001977115 $27.28 / each $26.73 / each5$133.65
03 QEP LASH White 1/16 in. Clip, Part A of Two-Part Tile   Leveling System 1,000-Pack   PREFERRED PRICING $2.45 OFF EACHN/A 1004685287 $81.57 / package $79.12 / package1$79.12
04 QEP LASH Yellow Wedge, Part B of Two-Part Tile   Leveling System 100-Pack   PREFERRED PRICING $0.37 OFF EACHN/A 1004685291 $12.27 / package $11.90 / package1$11.90
05 TXI  Sakrete 60 lb. Type N Mortar Mix   PREFERRED PRICING $0.21 OFF EACHN/A 489028 $6.94 / each $6.73 / each4$26.92
06 Rock-On #9 x 1-5/8 in. Serrated Flat Head Star Drive  Cement Board Screws (575-Pack)N/A 1002419409 $34.87 / each 1$34.87",$369.47,"05/11/2024
9:55 AM EDT Master Card 0305 Charged $369.47",2024-05-23 21:08:26,O:\_Boiler\Experiments\Extract Texts from PDFs\PDFs\H6814-384994 Receipt.txt
"5/11/2024, 9:35 AM",6814,H6814-385006,6814 00097 78002,2880 keller hicks,01 Oatey Designline 4 in. x 4 in. Stainless Steel Square  Shower Drain with Tile-In Pattern Drain CoverN/A 1002713298 $42.99 / each 1$42.99,$46.54,Master Card 0305 Charged $46.54,2024-05-23 21:08:26,O:\_Boiler\Experiments\Extract Texts from PDFs\PDFs\H6814-385006 Receipt.txt
